{"ip":0,"fr":60,"v":"5.1.20","assets":[],"layers":[{"ty":4,"nm":"swirl-10","ip":0,"st":0,"ind":11,"hix":1,"ks":{"o":{"a":0,"k":100},"or":{"a":0,"k":[0,0,0]},"a":{"a":0,"k":[132,37,0]},"p":{"s":true,"x":{"a":0,"k":312.05},"y":{"a":0,"k":205.3}},"rx":{"a":0,"k":0},"ry":{"a":0,"k":0},"rz":{"a":0,"k":0},"s":{"a":0,"k":[100,100]}},"shapes":[{"ty":"gr","nm":"swirl-10 shape group","it":[{"ty":"sh","ks":{"a":0,"k":{"c":false,"v":[[260.999,2.99999],[3.00032,70.9997]],"i":[[0,0],[13.383180000000001,-103.0964]],"o":[[-46.09800000000001,46.79551],[0,0]]}}},{"ty":"st","o":{"a":0,"k":100},"c":{"a":0,"k":[0.8627450980392157,0.8705882352941177,0.9176470588235294,1]},"lc":2,"lj":1,"ml":1,"w":{"a":0,"k":6},"d":[{"n":"d","v":{"a":0,"k":1000},"nm":"0"},{"n":"g","v":{"a":0,"k":1000},"nm":"1"},{"n":"o","v":{"a":1,"k":[{"t":0,"s":[1000],"e":[1000],"i":{"x":[1],"y":[1]},"o":{"x":[0],"y":[0]}},{"t":56,"s":[1000],"e":[0],"i":{"x":[1],"y":[1]},"o":{"x":[0],"y":[0]}},{"t":157,"s":[0],"e":[0],"i":{"x":[1],"y":[1]},"o":{"x":[0],"y":[0]}},{"t":162,"s":[0],"e":[1000],"i":{"x":[1],"y":[1]},"o":{"x":[0],"y":[0]}},{"t":274}]},"nm":"2"}]},{"ty":"fl","o":{"a":0,"k":0},"c":{"a":0,"k":[0,0,0,0]},"r":1},{"ty":"tr","o":{"a":0,"k":100},"a":{"a":0,"k":[0,0]},"s":{"a":0,"k":[100,100]},"p":{"a":0,"k":[0,0]},"r":{"a":0,"k":0}}]}],"op":336},{"ty":4,"nm":"swirl-9","ip":0,"st":0,"ind":10,"hix":2,"ks":{"o":{"a":0,"k":100},"or":{"a":0,"k":[0,0,0]},"a":{"a":0,"k":[43.5,28.5,0]},"p":{"s":true,"x":{"a":0,"k":248.15},"y":{"a":0,"k":230.5}},"rx":{"a":0,"k":0},"ry":{"a":0,"k":0},"rz":{"a":0,"k":0},"s":{"a":0,"k":[100,100]}},"shapes":[{"ty":"gr","nm":"swirl-9 shape group","it":[{"ty":"sh","ks":{"a":0,"k":{"c":false,"v":[[3.00027,53.9997],[83.9999,2.99998]],"i":[[0,0],[-40.965599999999995,0.3534200000000003]],"o":[[4.935650000000001,-41.9495],[0,0]]}}},{"ty":"st","o":{"a":0,"k":100},"c":{"a":0,"k":[0.8627450980392157,0.8705882352941177,0.9176470588235294,1]},"lc":2,"lj":1,"ml":1,"w":{"a":0,"k":6},"d":[{"n":"d","v":{"a":0,"k":1000},"nm":"0"},{"n":"g","v":{"a":0,"k":1000},"nm":"1"},{"n":"o","v":{"a":1,"k":[{"t":0,"s":[1000],"e":[1000],"i":{"x":[1],"y":[1]},"o":{"x":[0],"y":[0]}},{"t":81,"s":[1000],"e":[0],"i":{"x":[1],"y":[1]},"o":{"x":[0],"y":[0]}},{"t":213,"s":[0],"e":[0],"i":{"x":[1],"y":[1]},"o":{"x":[0],"y":[0]}},{"t":236,"s":[0],"e":[1000],"i":{"x":[1],"y":[1]},"o":{"x":[0],"y":[0]}},{"t":333}]},"nm":"2"}]},{"ty":"fl","o":{"a":0,"k":0},"c":{"a":0,"k":[0,0,0,0]},"r":1},{"ty":"tr","o":{"a":0,"k":100},"a":{"a":0,"k":[0,0]},"s":{"a":0,"k":[100,100]},"p":{"a":0,"k":[0,0]},"r":{"a":0,"k":0}}]}],"op":336},{"ty":4,"nm":"swirl-8","ip":0,"st":0,"ind":9,"hix":3,"ks":{"o":{"a":0,"k":100},"or":{"a":0,"k":[0,0,0]},"a":{"a":0,"k":[143,101,0]},"p":{"s":true,"x":{"a":0,"k":219.79999999999998},"y":{"a":0,"k":520.65}},"rx":{"a":0,"k":0},"ry":{"a":0,"k":0},"rz":{"a":0,"k":0},"s":{"a":0,"k":[100,100]}},"shapes":[{"ty":"gr","nm":"swirl-8 shape group","it":[{"ty":"sh","ks":{"a":0,"k":{"c":false,"v":[[283,3.00008],[3.00011,197.98]],"i":[[0,0],[214.51789,14.234000000000009]],"o":[[-3.951000000000022,70.92432000000001],[0,0]]}}},{"ty":"st","o":{"a":0,"k":100},"c":{"a":0,"k":[0.8627450980392157,0.8705882352941177,0.9176470588235294,1]},"lc":2,"lj":1,"ml":1,"w":{"a":0,"k":6},"d":[{"n":"d","v":{"a":0,"k":1000},"nm":"0"},{"n":"g","v":{"a":0,"k":1000},"nm":"1"},{"n":"o","v":{"a":1,"k":[{"t":0,"s":[1000],"e":[1000],"i":{"x":[1],"y":[1]},"o":{"x":[0],"y":[0]}},{"t":54,"s":[1000],"e":[0],"i":{"x":[1],"y":[1]},"o":{"x":[0],"y":[0]}},{"t":128,"s":[0],"e":[0],"i":{"x":[1],"y":[1]},"o":{"x":[0],"y":[0]}},{"t":130,"s":[0],"e":[1000],"i":{"x":[1],"y":[1]},"o":{"x":[0],"y":[0]}},{"t":203}]},"nm":"2"}]},{"ty":"fl","o":{"a":0,"k":0},"c":{"a":0,"k":[0,0,0,0]},"r":1},{"ty":"tr","o":{"a":0,"k":100},"a":{"a":0,"k":[0,0]},"s":{"a":0,"k":[100,100]},"p":{"a":0,"k":[0,0]},"r":{"a":0,"k":0}}]}],"op":336},{"ty":4,"nm":"swirl-7","ip":0,"st":0,"ind":8,"hix":4,"ks":{"o":{"a":0,"k":100},"or":{"a":0,"k":[0,0,0]},"a":{"a":0,"k":[57.5,117.5,0]},"p":{"s":true,"x":{"a":1,"k":[{"t":0,"s":[6.850000000000001],"e":[-10],"i":{"x":[1],"y":[1]},"o":{"x":[0],"y":[0]}},{"t":336}]},"y":{"a":1,"k":[{"t":0,"s":[306.6],"e":[326.6],"i":{"x":[1],"y":[1]},"o":{"x":[0],"y":[0]}},{"t":336}]}},"rx":{"a":0,"k":0},"ry":{"a":0,"k":0},"rz":{"a":0,"k":0},"s":{"a":0,"k":[100,100]}},"shapes":[{"ty":"gr","nm":"swirl-7 shape group","it":[{"ty":"sh","ks":{"a":0,"k":{"c":false,"v":[[105.242,3.00076],[3.00033,231]],"i":[[0,0],[56.181270000000005,-36.941]],"o":[[29.950000000000003,69.26574],[0,0]]}}},{"ty":"st","o":{"a":0,"k":100},"c":{"a":0,"k":[0.8627450980392157,0.8705882352941177,0.9176470588235294,1]},"lc":2,"lj":1,"ml":1,"w":{"a":0,"k":6},"d":[{"n":"d","v":{"a":0,"k":1000},"nm":"0"},{"n":"g","v":{"a":0,"k":1000},"nm":"1"},{"n":"o","v":{"a":1,"k":[{"t":0,"s":[1000],"e":[1000],"i":{"x":[1],"y":[1]},"o":{"x":[0],"y":[0]}},{"t":37,"s":[1000],"e":[0],"i":{"x":[1],"y":[1]},"o":{"x":[0],"y":[0]}},{"t":146,"s":[0],"e":[0],"i":{"x":[1],"y":[1]},"o":{"x":[0],"y":[0]}},{"t":149,"s":[0],"e":[1000],"i":{"x":[1],"y":[1]},"o":{"x":[0],"y":[0]}},{"t":257}]},"nm":"2"}]},{"ty":"fl","o":{"a":0,"k":0},"c":{"a":0,"k":[0,0,0,0]},"r":1},{"ty":"tr","o":{"a":0,"k":100},"a":{"a":0,"k":[0,0]},"s":{"a":0,"k":[100,100]},"p":{"a":0,"k":[0,0]},"r":{"a":0,"k":0}}]}],"op":336},{"ty":4,"nm":"swirl-6","ip":0,"st":0,"ind":7,"hix":5,"ks":{"o":{"a":0,"k":100},"or":{"a":0,"k":[0,0,0]},"a":{"a":0,"k":[42,62,0]},"p":{"s":true,"x":{"a":0,"k":-14.6},"y":{"a":1,"k":[{"t":0,"s":[290.85],"e":[260.85],"i":{"x":[1],"y":[1]},"o":{"x":[0],"y":[0]}},{"t":336}]}},"rx":{"a":0,"k":0},"ry":{"a":0,"k":0},"rz":{"a":0,"k":0},"s":{"a":0,"k":[100,100]}},"shapes":[{"ty":"gr","nm":"swirl-6 shape group","it":[{"ty":"sh","ks":{"a":0,"k":{"c":false,"v":[[76.1646,3.00045],[3.0007,120]],"i":[[0,0],[40.203199999999995,-18.956999999999994]],"o":[[21.43180000000001,35.54425],[0,0]]}}},{"ty":"st","o":{"a":0,"k":100},"c":{"a":0,"k":[0.8627450980392157,0.8705882352941177,0.9176470588235294,1]},"lc":2,"lj":1,"ml":1,"w":{"a":0,"k":6},"d":[{"n":"d","v":{"a":0,"k":1000},"nm":"0"},{"n":"g","v":{"a":0,"k":1000},"nm":"1"},{"n":"o","v":{"a":1,"k":[{"t":0,"s":[1000],"e":[1000],"i":{"x":[1],"y":[1]},"o":{"x":[0],"y":[0]}},{"t":89,"s":[1000],"e":[0],"i":{"x":[1],"y":[1]},"o":{"x":[0],"y":[0]}},{"t":171,"s":[0],"e":[0],"i":{"x":[1],"y":[1]},"o":{"x":[0],"y":[0]}},{"t":174,"s":[0],"e":[1000],"i":{"x":[1],"y":[1]},"o":{"x":[0],"y":[0]}},{"t":305}]},"nm":"2"}]},{"ty":"fl","o":{"a":0,"k":0},"c":{"a":0,"k":[0,0,0,0]},"r":1},{"ty":"tr","o":{"a":0,"k":100},"a":{"a":0,"k":[0,0]},"s":{"a":0,"k":[100,100]},"p":{"a":0,"k":[0,0]},"r":{"a":0,"k":0}}]}],"op":336},{"ty":4,"nm":"swirl-5","ip":0,"st":0,"ind":6,"hix":6,"ks":{"o":{"a":0,"k":100},"or":{"a":0,"k":[0,0,0]},"a":{"a":0,"k":[62,16.5,0]},"p":{"s":true,"x":{"a":0,"k":398},"y":{"a":0,"k":619}},"rx":{"a":0,"k":0},"ry":{"a":0,"k":0},"rz":{"a":0,"k":0},"s":{"a":0,"k":[100,100]}},"shapes":[{"ty":"gr","nm":"swirl-5 shape group","it":[{"ty":"sh","ks":{"a":0,"k":{"c":false,"v":[[122.23,15.3617],[1.53013,30.1742]],"i":[[0,0],[43.96917,-25.86855]],"o":[[-32.08030000000001,-23.23102],[0,0]]}}},{"ty":"st","o":{"a":0,"k":100},"c":{"a":0,"k":[0.8627450980392157,0.8705882352941177,0.9176470588235294,1]},"lc":3,"lj":1,"ml":1,"w":{"a":0,"k":6},"d":[{"n":"d","v":{"a":0,"k":1000},"nm":"0"},{"n":"g","v":{"a":0,"k":1000},"nm":"1"},{"n":"o","v":{"a":1,"k":[{"t":0,"s":[1000],"e":[1000],"i":{"x":[1],"y":[1]},"o":{"x":[0],"y":[0]}},{"t":55,"s":[1000],"e":[0],"i":{"x":[1],"y":[1]},"o":{"x":[0],"y":[0]}},{"t":184,"s":[0],"e":[0],"i":{"x":[1],"y":[1]},"o":{"x":[0],"y":[0]}},{"t":188,"s":[0],"e":[1000],"i":{"x":[1],"y":[1]},"o":{"x":[0],"y":[0]}},{"t":327}]},"nm":"2"}]},{"ty":"fl","o":{"a":0,"k":0},"c":{"a":0,"k":[0,0,0,0]},"r":1},{"ty":"tr","o":{"a":0,"k":100},"a":{"a":0,"k":[0,0]},"s":{"a":0,"k":[100,100]},"p":{"a":0,"k":[0,0]},"r":{"a":0,"k":0}}]}],"op":336},{"ty":4,"nm":"swirl-4","ip":0,"st":0,"ind":5,"hix":7,"ks":{"o":{"a":0,"k":100},"or":{"a":0,"k":[0,0,0]},"a":{"a":0,"k":[123.5,71.5,0]},"p":{"s":true,"x":{"a":1,"k":[{"t":0,"s":[324.25],"e":[314.25],"i":{"x":[1],"y":[1]},"o":{"x":[0],"y":[0]}},{"t":336}]},"y":{"a":1,"k":[{"t":0,"s":[642.1],"e":[672.1],"i":{"x":[1],"y":[1]},"o":{"x":[0],"y":[0]}},{"t":336}]}},"rx":{"a":0,"k":0},"ry":{"a":0,"k":0},"rz":{"a":0,"k":0},"s":{"a":0,"k":[100,100]}},"shapes":[{"ty":"gr","nm":"swirl-4 shape group","it":[{"ty":"sh","ks":{"a":0,"k":{"c":false,"v":[[2.29515,141.066],[244.41,15.5151]],"i":[[0,0],[-66.72899999999998,-50.220200000000006]],"o":[[52.90115,-62.77550000000001],[0,0]]}}},{"ty":"st","o":{"a":0,"k":100},"c":{"a":0,"k":[0.8627450980392157,0.8705882352941177,0.9176470588235294,1]},"lc":3,"lj":1,"ml":1,"w":{"a":0,"k":6},"d":[{"n":"d","v":{"a":0,"k":1000},"nm":"0"},{"n":"g","v":{"a":0,"k":1000},"nm":"1"},{"n":"o","v":{"a":1,"k":[{"t":0,"s":[1000],"e":[1000],"i":{"x":[1],"y":[1]},"o":{"x":[0],"y":[0]}},{"t":60,"s":[1000],"e":[0],"i":{"x":[1],"y":[1]},"o":{"x":[0],"y":[0]}},{"t":148,"s":[0],"e":[0],"i":{"x":[1],"y":[1]},"o":{"x":[0],"y":[0]}},{"t":153,"s":[0],"e":[1000],"i":{"x":[0.355],"y":[1]},"o":{"x":[0.215],"y":[0.61]}},{"t":288}]},"nm":"2"}]},{"ty":"fl","o":{"a":0,"k":0},"c":{"a":0,"k":[0,0,0,0]},"r":1},{"ty":"tr","o":{"a":0,"k":100},"a":{"a":0,"k":[0,0]},"s":{"a":0,"k":[100,100]},"p":{"a":0,"k":[0,0]},"r":{"a":0,"k":0}}]}],"op":336},{"ty":4,"nm":"swirl-3","ip":0,"st":0,"ind":4,"hix":8,"ks":{"o":{"a":0,"k":100},"or":{"a":0,"k":[0,0,0]},"a":{"a":0,"k":[70.5,41,0]},"p":{"s":true,"x":{"a":1,"k":[{"t":0,"s":[153.3],"e":[143.3],"i":{"x":[1],"y":[1]},"o":{"x":[0],"y":[0]}},{"t":336}]},"y":{"a":1,"k":[{"t":0,"s":[550.25],"e":[540.25],"i":{"x":[1],"y":[1]},"o":{"x":[0],"y":[0]}},{"t":336}]}},"rx":{"a":0,"k":0},"ry":{"a":0,"k":0},"rz":{"a":0,"k":0},"s":{"a":0,"k":[100,100]}},"shapes":[{"ty":"gr","nm":"swirl-3 shape group","it":[{"ty":"sh","ks":{"a":0,"k":{"c":false,"v":[[138.17,1.02417],[0.747973,74.0054]],"i":[[0,0],[81.258527,20.85180000000001]],"o":[[-11.948999999999984,33.01533],[0,0]]}}},{"ty":"st","o":{"a":0,"k":100},"c":{"a":0,"k":[0.8627450980392157,0.8705882352941177,0.9176470588235294,1]},"lc":3,"lj":1,"ml":1,"w":{"a":0,"k":6},"d":[{"n":"d","v":{"a":0,"k":1000},"nm":"0"},{"n":"g","v":{"a":0,"k":1000},"nm":"1"},{"n":"o","v":{"a":1,"k":[{"t":0,"s":[1000],"e":[1000],"i":{"x":[1],"y":[1]},"o":{"x":[0],"y":[0]}},{"t":78,"s":[1000],"e":[0],"i":{"x":[1],"y":[1]},"o":{"x":[0],"y":[0]}},{"t":177,"s":[0],"e":[0],"i":{"x":[1],"y":[1]},"o":{"x":[0],"y":[0]}},{"t":180,"s":[0],"e":[1000],"i":{"x":[1],"y":[1]},"o":{"x":[0],"y":[0]}},{"t":292}]},"nm":"2"}]},{"ty":"fl","o":{"a":0,"k":0},"c":{"a":0,"k":[0,0,0,0]},"r":1},{"ty":"tr","o":{"a":0,"k":100},"a":{"a":0,"k":[0,0]},"s":{"a":0,"k":[100,100]},"p":{"a":0,"k":[0,0]},"r":{"a":0,"k":0}}]}],"op":336},{"ty":4,"nm":"swirl-2","ip":0,"st":0,"ind":3,"hix":9,"ks":{"o":{"a":0,"k":100},"or":{"a":0,"k":[0,0,0]},"a":{"a":0,"k":[63.5,57,0]},"p":{"s":true,"x":{"a":1,"k":[{"t":0,"s":[377.95],"e":[377.95],"i":{"x":[1],"y":[1]},"o":{"x":[0],"y":[0]}},{"t":48,"s":[377.95],"e":[397.95],"i":{"x":[1],"y":[1]},"o":{"x":[0],"y":[0]}},{"t":336}]},"y":{"a":0,"k":102.4}},"rx":{"a":0,"k":0},"ry":{"a":0,"k":0},"rz":{"a":0,"k":0},"s":{"a":0,"k":[100,100]}},"shapes":[{"ty":"gr","nm":"swirl-2 shape group","it":[{"ty":"sh","ks":{"a":0,"k":{"c":false,"v":[[3.00973,49.4633],[123.99,64.437]],"i":[[0,0],[-40.905,-18.491499999999995]],"o":[[38.48597,-11.235199999999999],[0,0]]}}},{"ty":"st","o":{"a":0,"k":100},"c":{"a":0,"k":[0.8627450980392157,0.8705882352941177,0.9176470588235294,1]},"lc":2,"lj":1,"ml":1,"w":{"a":0,"k":6},"d":[{"n":"d","v":{"a":0,"k":1000},"nm":"0"},{"n":"g","v":{"a":0,"k":1000},"nm":"1"},{"n":"o","v":{"a":1,"k":[{"t":0,"s":[1000],"e":[1000],"i":{"x":[1],"y":[1]},"o":{"x":[0],"y":[0]}},{"t":45,"s":[1000],"e":[0],"i":{"x":[1],"y":[1]},"o":{"x":[0],"y":[0]}},{"t":165,"s":[0],"e":[0],"i":{"x":[1],"y":[1]},"o":{"x":[0],"y":[0]}},{"t":169,"s":[0],"e":[1000],"i":{"x":[1],"y":[1]},"o":{"x":[0],"y":[0]}},{"t":292}]},"nm":"2"}]},{"ty":"fl","o":{"a":0,"k":0},"c":{"a":0,"k":[0,0,0,0]},"r":1},{"ty":"tr","o":{"a":0,"k":100},"a":{"a":0,"k":[0,0]},"s":{"a":0,"k":[100,100]},"p":{"a":0,"k":[0,0]},"r":{"a":0,"k":0}}]}],"op":336},{"ty":4,"nm":"swirl-1","ip":0,"st":0,"ind":2,"hix":10,"ks":{"o":{"a":0,"k":100},"or":{"a":0,"k":[0,0,0]},"a":{"a":0,"k":[201,40,0]},"p":{"s":true,"x":{"a":1,"k":[{"t":0,"s":[243.24999999999997],"e":[223.24999999999997],"i":{"x":[1],"y":[1]},"o":{"x":[0],"y":[0]}},{"t":335}]},"y":{"a":0,"k":85.8}},"rx":{"a":0,"k":0},"ry":{"a":0,"k":0},"rz":{"a":0,"k":0},"s":{"a":0,"k":[100,100]}},"shapes":[{"ty":"gr","nm":"swirl-1 shape group","it":[{"ty":"sh","ks":{"a":0,"k":{"c":false,"v":[[398.999,29.2217],[3.00022,76.9998]],"i":[[0,0],[74.89998,-105.11189999999999]],"o":[[-100.791,-27.8706],[0,0]]}}},{"ty":"st","o":{"a":0,"k":100},"c":{"a":0,"k":[0.8627450980392157,0.8705882352941177,0.9176470588235294,1]},"lc":2,"lj":1,"ml":1,"w":{"a":0,"k":6},"d":[{"n":"d","v":{"a":0,"k":1000},"nm":"0"},{"n":"g","v":{"a":0,"k":1000},"nm":"1"},{"n":"o","v":{"a":1,"k":[{"t":0,"s":[1000],"e":[0],"i":{"x":[1],"y":[1]},"o":{"x":[0],"y":[0]}},{"t":109,"s":[0],"e":[0],"i":{"x":[1],"y":[1]},"o":{"x":[0],"y":[0]}},{"t":113,"s":[0],"e":[1000],"i":{"x":[0.355],"y":[1]},"o":{"x":[0.215],"y":[0.61]}},{"t":238}]},"nm":"2"}]},{"ty":"fl","o":{"a":0,"k":0},"c":{"a":0,"k":[0,0,0,0]},"r":1},{"ty":"tr","o":{"a":0,"k":100},"a":{"a":0,"k":[0,0]},"s":{"a":0,"k":[100,100]},"p":{"a":0,"k":[0,0]},"r":{"a":0,"k":0}}]}],"op":336}],"op":336,"w":375,"h":812}