{"v":"5.5.5","fr":100,"ip":0,"op":100,"w":250,"h":250,"nm":"Like","ddd":0,"assets":[],"layers":[{"ddd":0,"ind":1,"ty":3,"nm":"Null 21","sr":1,"ks":{"o":{"a":0,"k":0,"ix":11},"r":{"a":0,"k":0,"ix":10},"p":{"a":0,"k":[124.99999999999999,124.99999999999999,0],"ix":2},"a":{"a":0,"k":[0,0,0],"ix":1},"s":{"a":0,"k":[15.624999999999998,15.624999999999998,100],"ix":6}},"ao":0,"ip":302,"op":302,"st":0,"bm":0,"hidden":0},{"ddd":0,"ind":2,"ty":3,"nm":"Null 20","parent":1,"sr":1,"ks":{"o":{"a":0,"k":0,"ix":11},"r":{"a":0,"k":0,"ix":10},"p":{"a":0,"k":[0,0,0],"ix":2},"a":{"a":0,"k":[0,0,0],"ix":1},"s":{"a":1,"k":[{"i":{"x":[0,0,0.667],"y":[1,1,1]},"o":{"x":[0.333,0.333,0.333],"y":[0,0,0]},"t":0,"s":[100,100,100]},{"i":{"x":[0,0,0.667],"y":[1,1,1]},"o":{"x":[0.333,0.333,0.333],"y":[0,0,0]},"t":12,"s":[80,80,100]},{"t":39,"s":[100,100,100]}],"ix":6}},"ao":0,"ip":0,"op":302,"st":0,"bm":0},{"ddd":0,"ind":3,"ty":3,"nm":"Null 19","parent":2,"sr":1,"ks":{"o":{"a":0,"k":0,"ix":11},"r":{"a":1,"k":[{"i":{"x":[0],"y":[1]},"o":{"x":[0.167],"y":[0]},"t":12,"s":[0]},{"i":{"x":[0],"y":[1]},"o":{"x":[0.333],"y":[0]},"t":30,"s":[9]},{"i":{"x":[0],"y":[1]},"o":{"x":[0.333],"y":[0]},"t":48,"s":[-17]},{"t":88,"s":[0]}],"ix":10},"p":{"a":0,"k":[-148,47,0],"ix":2},"a":{"a":0,"k":[0,0,0],"ix":1},"s":{"a":0,"k":[100,100,100],"ix":6}},"ao":0,"ip":-8,"op":294,"st":-8,"bm":0},{"ddd":0,"ind":4,"ty":4,"nm":"GLOVE","parent":3,"sr":1,"ks":{"o":{"a":0,"k":100,"ix":11},"r":{"a":1,"k":[{"i":{"x":[0.667],"y":[1]},"o":{"x":[0.333],"y":[0]},"t":6,"s":[0]},{"i":{"x":[0.667],"y":[1]},"o":{"x":[0.333],"y":[0]},"t":24,"s":[-5]},{"i":{"x":[0.667],"y":[1]},"o":{"x":[0.333],"y":[0]},"t":32,"s":[-5]},{"t":48,"s":[0]}],"ix":10},"p":{"a":0,"k":[0.234,1.079,0],"ix":2},"a":{"a":0,"k":[4.612,14.404,0],"ix":1},"s":{"a":0,"k":[2000,2000,100],"ix":6}},"ao":0,"shapes":[{"ty":"gr","it":[{"ind":0,"ty":"sh","ix":1,"ks":{"a":0,"k":{"i":[[-0.552,0],[0,0],[0,-0.552],[0,0],[0.552,0],[0,0],[0,0.552],[0,0]],"o":[[0,0],[0.552,0],[0,0],[0,0.552],[0,0],[-0.552,0],[0,0],[0,-0.552]],"v":[[-1.5,-5.5],[1.5,-5.5],[2.5,-4.5],[2.5,4.5],[1.5,5.5],[-1.5,5.5],[-2.5,4.5],[-2.5,-4.5]],"c":true},"ix":2},"nm":"Path 1","mn":"ADBE Vector Shape - Group","hd":false},{"ty":"fl","c":{"a":0,"k":[0.8627450980392157,0.8705882352941177,0.9176470588235294,1],"ix":4},"o":{"a":0,"k":100,"ix":5},"r":1,"bm":0,"nm":"Fill 1","mn":"ADBE Vector Graphic - Fill","hd":false},{"ty":"tr","p":{"a":0,"k":[4.5,14.5],"ix":2},"a":{"a":0,"k":[0,0],"ix":1},"s":{"a":0,"k":[100,100],"ix":3},"r":{"a":0,"k":0,"ix":6},"o":{"a":0,"k":100,"ix":7},"sk":{"a":0,"k":0,"ix":4},"sa":{"a":0,"k":0,"ix":5},"nm":"Transform"}],"nm":"Group 1","np":2,"cix":2,"bm":0,"ix":1,"mn":"ADBE Vector Group","hd":false}],"ip":0,"op":302,"st":0,"bm":0},{"ddd":0,"ind":5,"ty":4,"nm":"Like Outlines","parent":3,"sr":1,"ks":{"o":{"a":0,"k":100,"ix":11},"r":{"a":0,"k":0,"ix":10},"p":{"a":0,"k":[148,-47,0],"ix":2},"a":{"a":0,"k":[12,12,0],"ix":1},"s":{"a":0,"k":[2000,2000,100],"ix":6}},"ao":0,"shapes":[{"ty":"gr","it":[{"ind":0,"ty":"sh","ix":1,"ks":{"a":1,"k":[{"i":{"x":0,"y":1},"o":{"x":0.333,"y":0},"t":6,"s":[{"i":[[0,0],[0,0],[0,0],[-1.29,0],[0,0],[-0.28,1.402],[0,0],[1.625,0.325],[0.264,-0.018],[0,0],[0,0],[0.753,0.068],[0.041,0],[0.479,-0.798]],"o":[[0,0],[0,0],[1.224,0.408],[0,0],[1.43,0],[0,0],[0.325,-1.625],[-0.259,-0.052],[0,0],[0,0],[0.068,-0.753],[-0.041,-0.004],[-0.931,0],[0,0]],"v":[[-6.278,-2.5],[-6.278,6.5],[-5.126,6.884],[-1.331,7.5],[2.262,7.5],[5.204,5.088],[5.953,1.342],[3.6,-2.188],[2.812,-2.239],[-0.778,-2],[-0.414,-6.006],[-1.654,-7.494],[-1.778,-7.5],[-4.05,-6.214]],"c":true}]},{"i":{"x":0,"y":1},"o":{"x":0.333,"y":0},"t":24,"s":[{"i":[[0,0],[0,0],[0,0],[-1.29,0],[0,0],[-0.28,1.402],[0,0],[1.625,0.325],[0.264,-0.018],[0,0],[0,0],[0.753,0.068],[0.041,0],[1.13,-0.426]],"o":[[0,0],[0,0],[1.224,0.408],[0,0],[1.43,0],[0,0],[0.325,-1.625],[-0.259,-0.052],[0,0],[0,0],[1.253,-1.101],[-0.041,-0.004],[-0.931,0],[0,0]],"v":[[-6.278,-2.5],[-6.278,6.5],[-5.126,6.884],[-1.331,7.5],[2.262,7.5],[5.204,5.088],[5.953,1.342],[3.6,-2.188],[2.812,-2.239],[-0.778,-2],[1.16,-2.038],[0.404,-4.421],[0.28,-4.427],[-2.949,-3.781]],"c":true}]},{"i":{"x":0,"y":1},"o":{"x":0.333,"y":0},"t":32,"s":[{"i":[[0,0],[0,0],[0,0],[-1.29,0],[0,0],[-0.28,1.402],[0,0],[1.625,0.325],[0.264,-0.018],[0,0],[0,0],[0.753,0.068],[0.041,0],[1.13,-0.426]],"o":[[0,0],[0,0],[1.224,0.408],[0,0],[1.43,0],[0,0],[0.325,-1.625],[-0.259,-0.052],[0,0],[0,0],[1.253,-1.101],[-0.041,-0.004],[-0.931,0],[0,0]],"v":[[-6.278,-2.5],[-6.278,6.5],[-5.126,6.884],[-1.331,7.5],[2.262,7.5],[5.204,5.088],[5.953,1.342],[3.6,-2.188],[2.812,-2.239],[-0.778,-2],[1.16,-2.038],[0.404,-4.421],[0.28,-4.427],[-2.949,-3.781]],"c":true}]},{"t":48,"s":[{"i":[[0,0],[0,0],[0,0],[-1.29,0],[0,0],[-0.28,1.402],[0,0],[1.625,0.325],[0.264,-0.018],[0,0],[0,0],[0.753,0.068],[0.041,0],[0.479,-0.798]],"o":[[0,0],[0,0],[1.224,0.408],[0,0],[1.43,0],[0,0],[0.325,-1.625],[-0.259,-0.052],[0,0],[0,0],[0.068,-0.753],[-0.041,-0.004],[-0.931,0],[0,0]],"v":[[-6.278,-2.5],[-6.278,6.5],[-5.126,6.884],[-1.331,7.5],[2.262,7.5],[5.204,5.088],[5.953,1.342],[3.6,-2.188],[2.812,-2.239],[-0.778,-2],[-0.414,-6.006],[-1.654,-7.494],[-1.778,-7.5],[-4.05,-6.214]],"c":true}]}],"ix":2},"nm":"Path 1","mn":"ADBE Vector Shape - Group","hd":false},{"ty":"fl","c":{"a":0,"k":[0.3764705882352941,0.38823529411764707,0.5058823529411764,1],"ix":4},"o":{"a":0,"k":100,"ix":5},"r":1,"bm":0,"nm":"Fill 1","mn":"ADBE Vector Graphic - Fill","hd":false},{"ty":"tr","p":{"a":0,"k":[15.278,12.5],"ix":2},"a":{"a":0,"k":[0,0],"ix":1},"s":{"a":0,"k":[100,100],"ix":3},"r":{"a":0,"k":0,"ix":6},"o":{"a":0,"k":100,"ix":7},"sk":{"a":0,"k":0,"ix":4},"sa":{"a":0,"k":0,"ix":5},"nm":"Transform"}],"nm":"Group 2","np":2,"cix":2,"bm":0,"ix":1,"mn":"ADBE Vector Group","hd":false}],"ip":0,"op":302,"st":0,"bm":0},{"ddd":0,"ind":7,"ty":4,"nm":"Other#1 Outlines 3","ln":"1","sr":1,"ks":{"o":{"a":1,"k":[{"i":{"x":[0],"y":[1]},"o":{"x":[0.333],"y":[0]},"t":0,"s":[40]},{"t":85,"s":[0]}],"ix":11},"r":{"a":0,"k":0,"ix":10},"p":{"a":0,"k":[124.99999999999999,124.99999999999999,0],"ix":2},"a":{"a":0,"k":[12,12,0],"ix":1},"s":{"a":1,"k":[{"i":{"x":[0,0,0.667],"y":[1,1,1]},"o":{"x":[0.333,0.333,0.333],"y":[0,0,0]},"t":0,"s":[312.5,312.5,100]},{"t":85,"s":[4552.03125,4552.03125,100]}],"ix":6}},"ao":0,"shapes":[{"ty":"gr","it":[{"ind":0,"ty":"sh","ix":1,"ks":{"a":0,"k":{"i":[[-1.105,0],[0,1.105],[1.105,0],[0,-1.105]],"o":[[1.105,0],[0,-1.105],[-1.105,0],[0,1.105]],"v":[[0,2],[2,0],[0,-2],[-2,0]],"c":true},"ix":2},"nm":"Path 1","mn":"ADBE Vector Shape - Group","hd":false},{"ty":"fl","c":{"a":0,"k":[0.9254901960784314,0.8862745098039215,1,1],"ix":4},"o":{"a":0,"k":100,"ix":5},"r":1,"bm":0,"nm":"Fill 1","mn":"ADBE Vector Graphic - Fill","hd":false},{"ty":"tr","p":{"a":0,"k":[12,12],"ix":2},"a":{"a":0,"k":[0,0],"ix":1},"s":{"a":0,"k":[100,100],"ix":3},"r":{"a":0,"k":0,"ix":6},"o":{"a":0,"k":100,"ix":7},"sk":{"a":0,"k":0,"ix":4},"sa":{"a":0,"k":0,"ix":5},"nm":"Transform"}],"nm":"Group 2","np":2,"cix":2,"bm":0,"ix":1,"mn":"ADBE Vector Group","hd":false}],"ip":12,"op":198,"st":0,"bm":0}],"markers":[]}